kode pengungsian,name,alamat lengkap,latitude,longitude,kapasitas (jiwa)
JPM1,Istiqlal Mosque,"Jl. Taman Wijaya Kusuma, Ps. Baru, Kecamatan Sawah Besar, Kota Jakarta Pusat, Daerah Khusus Ibukota Jakarta 10710",-6.17017,106.83139,1000
JPM2,Great Mosque of Sunda Kelapa,"Jl. Taman Sunda Kelapa No.16, Menteng, Kec. Menteng, Kota Jakarta Pusat, Daerah Khusus Ibukota Jakarta 10310",-6.2013941,106.8321256,1000
JPM3,Masjid Cut Meutia,"Jl. Taman Cut Mutiah No.1 10, RT.10/RW.5, Kb. Sirih, Kec. Menteng, Kota Jakarta Pusat, Daerah Khusus Ibukota Jakarta 10350",-6.1872687,106.8333041,1000
JPM4,Baitul Ihsan Mosque,"Komplek Bank Indonesia, Jl. Budi Kemuliaan No.23, RT.2/RW.3, Gambir, Kecamatan Gambir, Kota Jakarta Pusat, Daerah Khusus Ibukota Jakarta 10110",-6.1804956,106.8188205,1000
JPM5,Al-I'tisham Mosque,"Jl. H. Abdul Jalil No.9, RT.10/RW.9, Karet Tengsin, Kecamatan Tanah Abang, Kota Jakarta Pusat, Daerah Khusus Ibukota Jakarta 10250",-6.2048214,106.8187024,1000
JPM6,Masjid Raya Al Arif,"RRFV+J89, Jl. St. Senen, RW.3, Senen, Kec. Senen, Kota Jakarta Pusat, Daerah Khusus Ibukota Jakarta 10410",-6.17597,106.8433727,1000
JPM7,Cut Nyak Dien Mosque,"Jl. Johar No.7 5, RT.5/RW.3, Gondangdia, Kec. Menteng, Kota Jakarta Pusat, Daerah Khusus Ibukota Jakarta 10330",-6.1874785,106.8315713,1000
JPM8,"Al Ma'mur Jami Mosque, Kebon Kacang","Jl. K.H. Mas Mansyur No.6, RT.14/RW.7, Kb. Kacang, Kecamatan Tanah Abang, Kota Jakarta Pusat, Daerah Khusus Ibukota Jakarta 10240",-6.189247,106.815138,1000
JPM9,Masjid Fatahillah,"Jl. Medan Merdeka Sel. No.8-9 11, RT.11/RW.2, Gambir, Kecamatan Gambir, Kota Jakarta Pusat, Daerah Khusus Ibukota Jakarta 10110",-6.1815787,106.8283894,1000
JPM10,Al-Makmur Mosque,"Jl. Kepu Dalam II No.02 2, RT.6/RW.2, Kemayoran, Kec. Kemayoran, Kota Jakarta Pusat, Daerah Khusus Ibukota Jakarta 10620",-6.1642666,106.8427961,1000
JPM11,Masjid Jami'e Darussalam,"No, Jl. Kotabumi Ujung No.23, RT.8, Kb. Melati, Kecamatan Tanah Abang, Kota Jakarta Pusat, Daerah Khusus Ibukota Jakarta 10230",-6.1991016,106.8195564,1000
JPM12,"Ar-Rahmah Mosque, Jakarta Islamic Hospital","Gedung Utama Rumah Sakit Islam Jakarta ( RSIJ, Jl. Cemp. Putih Tengah I No.11, RT.11/RW.5, Cemp. Putih Tim., Kec. Cemp. Putih, Kota Jakarta Pusat, Daerah Khusus Ibukota Jakarta 10510",-6.1729296,106.8716773,1000
JPM13,Masjid Jami' Cikini Al Ma'mur,"Jl. Raden Saleh Raya No.30, RT.3/RW.3, Cikini, Kec. Menteng, Kota Jakarta Pusat, Daerah Khusus Ibukota Jakarta 10330",-6.1913156,106.8427327,1000
JPM14,Al-Riyadh Mosque Kwitang,"Jl. Kembang VI No.4A 1, RT.1/RW.2, Kwitang, Kec. Senen, Kota Jakarta Pusat, Daerah Khusus Ibukota Jakarta 10420",-6.1841368,106.8370243,1000
JPM15,Amir Hamzah Mosque,"8, Jl. Cikini Raya No.73, RT.8/RW.2, Cikini, Kec. Menteng, Kota Jakarta Pusat, Daerah Khusus Ibukota Jakarta 10330",-6.188685,106.8402513,1000
JPM16,Al Istiqomah Mosque,"Jl. K.H. Mas Mansyur No.57 5, RT.5/RW.9, Kb. Melati, Kecamatan Tanah Abang, Kota Jakarta Pusat, Daerah Khusus Ibukota Jakarta 10230",-6.196299,106.814465,1000
JPM17,MASJID WALIKOTA JAKARTA PUSAT,"Jl. Petojo Enclek III No.15 11, RT.11/RW.8, Petojo Sel., Kecamatan Gambir, Kota Jakarta Pusat, Daerah Khusus Ibukota Jakarta 10160",-6.1726213,106.8184091,1000
JPM18,Al-Aâ€™raf Great Mosque,"Jl. Kramat Kwitang No.13 1, RT.1/RW.7, Kwitang, Kec. Senen, Kota Jakarta Pusat, Daerah Khusus Ibukota Jakarta 10420",-6.1801656,106.8404485,1000
JPM19,Lautze Mosque,"Jl. Lautze No.87 89, RT.10/RW.3, Karang Anyar, Sawah Besar, Central Jakarta City, Jakarta 10740",-6.1588926,106.8297858,1000
JPM20,Masjid At-Tanwir,"RRGJ+332, RT.5/RW.2, Gambir, Central Jakarta City, Jakarta 10110",-6.174858,106.8301374,1000
JPM21,Baiturrahim Mosque,"Jl. Medan Merdeka Utara No.9-13, RT.2/RW.3, Gambir, Kecamatan Gambir, Kota Jakarta Pusat, Daerah Khusus Ibukota Jakarta 10110",-6.1701935,106.8235069,1000
JPM22,Masjid Assyafi'iyyah,"Utara I Jl. Pos No.5, RT.4/RW.1, Ps. Baru, Kecamatan Sawah Besar, Kota Jakarta Pusat, Daerah Khusus Ibukota Jakarta 10710",-6.1661476,106.8323348,1000
JPM23,Masjid Baitul Huda,"Jalon Kb. Kacang XXXI No.31, Kb. Kacang, Kota PusatTanahabang,, RT.6/RW.4, Kb. Kacang, Kecamatan Tanah Abang, Kota Jakarta Pusat, Daerah Khusus Ibukota Jakarta 10240",-6.1931542,106.8204238,1000
JPM24,Fatahillah Mosque,"RR67+PJ2, Kampung Bali, Tanah Abang, Central Jakarta City, Jakarta 10250",-6.1882272,106.8140137,1000
JPM25,Masjid Alia Cikini,"Jl. Cikini Raya No.32 12, RT.12/RW.5, Cikini, Kec. Menteng, Kota Jakarta Pusat, Daerah Khusus Ibukota Jakarta 10330",-6.1909126,106.8378768,1000
JPM26,Al-Hakim Grand Mosque,"Jl. Sidoarjo No.3 3, RT.3/RW.5, Menteng, Kec. Menteng, Kota Jakarta Pusat, Daerah Khusus Ibukota Jakarta 10310",-6.1969964,106.8291072,1000
JPM27,Masjid Al-Fauz Kantor Pemerintah Kota Administrasi Jakarta Pusat,"Jl. Petojo Enclek XIII No.11, RT.11/RW.8, Petojo Sel., Kecamatan Gambir, Kota Jakarta Pusat, Daerah Khusus Ibukota Jakarta 10160",-6.172719,106.8183658,1000
JPM28,Masjid Asy Syifa RSCM,"Jl. Kimia, Pegangsaan, Kec. Menteng, Kota Jakarta Pusat, Daerah Khusus Ibukota Jakarta 10320",-6.197364,106.844226,1000
JPM29,Al Amanah Mosque,"Jl. Lap. Banteng Timur No.2 - 4, Ps. Baru, Kecamatan Sawah Besar, Kota Jakarta Pusat, Daerah Khusus Ibukota Jakarta 10710",-6.1678576,106.8373596,1000
JPM30,Said Na'um Jami Mosque,"Jl. Kb. Kacang 9 No.25 14, RT.14/RW.5, Kb. Kacang, Kecamatan Tanah Abang, Kota Jakarta Pusat, Daerah Khusus Ibukota Jakarta 10240",-6.1911963,106.8180785,1000
JPM31,Masjid Syuhada,"Jl. Ir. H. Juanda No.19, RT.14/RW.4, Kb. Klp., Kecamatan Gambir, Kota Jakarta Pusat, Daerah Khusus Ibukota Jakarta 10120",-6.1659781,106.8270444,1000
JPM32,Masjid Al-Makmur,"1, Jl. Raden Saleh Raya No.30, RT.3/RW.3, Cikini, Kec. Menteng, Kota Jakarta Pusat, Daerah Khusus Ibukota Jakarta 10330",-6.191333,106.8427271,1000
JPM33,Masjid Al-Hidayah,"Jl. Balikpapan I No.10, Petojo Utara, Kecamatan Gambir, Kota Jakarta Pusat, Daerah Khusus Ibukota Jakarta 10130",-6.1694485,106.8123818,1000
JPM34,Masjid Al-Hikmah Sarinah,"Gg. Masjid No.1 2, RT.2/RW.1, Kb. Sirih, Kec. Menteng, Kota Jakarta Pusat, Daerah Khusus Ibukota Jakarta 10340",-6.1858151,106.8243931,1000
JPM35,Assuhaimiah Jami Mosque,"Jl. Kebon Sirih Barat I No.15, RT.11/RW.2, Kb. Sirih, Kec. Menteng, Kota Jakarta Pusat, Daerah Khusus Ibukota Jakarta 10340",-6.1843038,106.8266361,1000
JPM36,At-Thahirah Mosque,"Jl. Senen Raya No.6, Senen, Kec. Senen, Kota Jakarta Pusat, Daerah Khusus Ibukota Jakarta 10410",-6.1738407,106.8378916,1000
JPM37,Masjid Ar-Rayyan,"Jalan Kebon Sirih No.46 Gambir Kota Jakarta Pusat, Daerah Khusus Ibukota Jakarta 10110, RT.11/RW.2, Gambir, Kecamatan Gambir, Kota Jakarta Pusat, Daerah Khusus Ibukota Jakarta 10110",-6.183124,106.825366,1000
JPM38,Masjid Al Istiqomah,"Gg. Kingkit IV No.33 8, RT.8/RW.4, Kb. Klp., Kecamatan Gambir, Kota Jakarta Pusat, Daerah Khusus Ibukota Jakarta 10120",-6.1653033,106.8277532,1000
JPM39,Al-Azhar Mosque,"Jl. Cempaka Putih Barat III No. 25 RT 06 RW.03, Cempaka Putih, RT.6/RW.3, Cemp. Putih Bar., Jakarta Pusat, Kota Jakarta Pusat, Daerah Khusus Ibukota Jakarta 10520",-6.1746943,106.8621076,1000
JPM40,Masjid At Taqwa,"Jl. K.H. Mas Mansyur No.100 7, RT.6/RW.17, Kb. Melati, Kecamatan Tanah Abang, Kota Jakarta Pusat, Daerah Khusus Ibukota Jakarta 10230",-6.1976707,106.8141849,1000
JPM41,Masjid Jami Al Istikharah,"Jl. Kernolong Dalam 4 No.41 7, RT.7/RW.8, Kenari, Kec. Senen, Kota Jakarta Pusat, Daerah Khusus Ibukota Jakarta 10430",-6.1871873,106.8414564,1000
JPM42,Masjid Baitul Istiqomah (LDII),"Jl. Kali Pasir Guru Demar No.8 4, RT.4/RW.1, Cikini, Kec. Menteng, Kota Jakarta Pusat, Daerah Khusus Ibukota Jakarta 10330",-6.1882658,106.837884,1000
JPM43,Masjid Al-Musyarrofah,"RR3Q+F9M, RT.7/RW.2, Gondangdia, Menteng, Central Jakarta City, Jakarta 10350",-6.196289,106.83841,1000
JPM44,At-Taqwa Mosque,"Jl. Medan Merdeka Barat No.9 2, RT.2/RW.3, Gambir, Kecamatan Gambir, Kota Jakarta Pusat, Daerah Khusus Ibukota Jakarta 10110",-6.1750488,106.821604,1000
JPM45,Masjid Nurul Taqwa Indosat Ooredoo,"Jl. Medan Merdeka Barat, RT.2/RW.3, Gambir, Kecamatan Gambir, Kota Jakarta Pusat, Daerah Khusus Ibukota Jakarta 10110",-6.1803632,106.8219639,1000
JPM46,Masjid Jami' Taman Cilamaya,"Jl. Ciujung No.25 8, RT.8/RW.1, Cideng, Kecamatan Gambir, Kota Jakarta Pusat, Daerah Khusus Ibukota Jakarta 10150",-6.1776671,106.8101282,1000
JPM47,Masjid Nurul Falah,"Jl. M.I. Ridwan Rais No.1 7, RT.7/RW.1, Gambir, Kecamatan Gambir, Kota Jakarta Pusat, Daerah Khusus Ibukota Jakarta 10110",-6.1800127,106.8336308,1000
JPM48,Masjid Attaibin Senen,"Jl. Senen Raya IV, RW.2, Senen, Kec. Senen, Kota Jakarta Pusat, Daerah Khusus Ibukota Jakarta 10410",-6.1730297,106.8399113,1000
JPM49,Al-Barokah Mosque,"Jalan Kh. Mas Mansyur No.25A, Kebon Kacang, Tanah Abang, RW.10, Kb. Kacang, Kecamatan Tanah Abang, Kota Jakarta Pusat, Daerah Khusus Ibukota Jakarta 10230",-6.1921689,106.8151271,1000
JPM50,Masjid Jami' Al-Uswah,"Jl. Petojo Viy IV No.17, RT.9/RW.6, Cideng, Kecamatan Gambir, Kota Jakarta Pusat, Daerah Khusus Ibukota Jakarta 10150",-6.171628,106.8071505,1000
JPM51,Masjid Sudirman,"Gedung Dewan Pers, Jl. Medan Merdeka Sel. No.11, RT.11/RW.2, Gambir, Kecamatan Gambir, Kota Jakarta Pusat, Daerah Khusus Ibukota Jakarta 10110",-6.1811375,106.8268875,1000
JPM52,Masjid Al Amanah,"Jl. Taman Jatibaru No.1, RT.17/RW.1, Cideng, Kecamatan Gambir, Kota Jakarta Pusat, Daerah Khusus Ibukota Jakarta 10150",-6.1796758,106.8106739,1000
JPM53,Masjid Nurul Amal,"Jl. Petojo Sabangan I No.1 4, RT.4/RW.5, Petojo Sel., Kecamatan Gambir, Kota Jakarta Pusat, Daerah Khusus Ibukota Jakarta 10160",-6.1745329,106.8150058,1000
JPM54,Masjid AsySyifa,"Jalan Abdul Rahman Saleh No. 24, RT.6 / RW.1, Senen, RT.6/RW.1, Senen, Kec. Senen, Kota Jakarta Pusat, Daerah Khusus Ibukota Jakarta 10410",-6.1753526,106.8382085,1000
JPM55,Masjid Taman Menteng,"RT.3/RW.005, Menteng, RT.3/RW.5, Menteng, Kec. Menteng, Kota Jakarta Pusat, Daerah Khusus Ibukota Jakarta 10310",-6.196603,106.8297163,1000
JPM56,MASJID JAMI' AL - ISTIQOMAH,"Jl. Petojo Binatu II 4, RT.6/RW.8, Petojo Utara, Kecamatan Gambir, Kota Jakarta Pusat, Daerah Khusus Ibukota Jakarta 10130",-6.1675555,106.8177427,1000
JPM57,Masjid Umar Bin Khaththab - Pasar Senen Blok.3 lt.4,"Pasar Senen Blok.3 lantai 4, RW.3, Senen, Kec. Senen, Kota Jakarta Pusat, Daerah Khusus Ibukota Jakarta 10410",-6.176318,106.8422807,1000
JPM58,Al-Furqan Mosque,"Jl. Kramat Raya No.45 3, RT.3/RW.4, Kramat, Kec. Senen, Kota Jakarta Pusat, Daerah Khusus Ibukota Jakarta 10450",-6.1846557,106.8445803,1000
JPM59,Al Fataa Mosque,"Jl. Menteng Raya No.58 1, RT.1/RW.9, Kb. Sirih, Kec. Menteng, Kota Jakarta Pusat, Daerah Khusus Ibukota Jakarta 10330",-6.1845722,106.8342152,1000
JPM60,Masjid An Nur,"Jl. Petojo Sabangan XI No.28 10, RT.10/RW.4, Petojo Sel., Kecamatan Gambir, Kota Jakarta Pusat, Daerah Khusus Ibukota Jakarta 10160",-6.1790442,106.814181,1000
JPM61,Masjid Jami Ar-Rohah,"Jl. Abdul Muis No.104, RT.2/RW.1, Petojo Sel., Kecamatan Gambir, Kota Jakarta Pusat, Daerah Khusus Ibukota Jakarta 10160",-6.1807356,106.8173197,1000
JPM62,Al Bahri Mosque,"Jl. Batu III No.1 6, RT.7/RW.1, Gambir, Kecamatan Gambir, Kota Jakarta Pusat, Daerah Khusus Ibukota Jakarta 10110",-6.1786342,106.8337759,1000
JPM63,Al-Qorieb Mosque,"JL Petojo Utara No.7, RT.10/RW.3, Petojo Utara, Kecamatan Gambir, Kota Jakarta Pusat, Daerah Khusus Ibukota Jakarta 10130",-6.1623136,106.8135586,1000
JPM64,Masjid Al-Amin,"Hayam Wuruk St No.7, RT.6/RW.2, Kebon Kelapa, Gambir, Central Jakarta City, Jakarta 10120",-6.1637323,106.8213712,1000
JPM65,Masjid Al Karomah,"Senen, RT.4/RW.2, Kramat, Kec. Senen, Kota Jakarta Pusat, Daerah Khusus Ibukota Jakarta 10450",-6.1790517,106.8434121,1000
JPM66,Masjid Al-Ishlah - Kwitang,"Jl. Kramat Kwitang I I No.395 5, RT.5/RW.8, Kwitang, Kec. Senen, Kota Jakarta Pusat, Daerah Khusus Ibukota Jakarta 10420",-6.1840022,106.8424283,1000
JPM67,Masjid Ar-Rahmah,"Jl. Kb. Kacang 6 No.62 14, RT.2/RW.5, Kb. Kacang, Kecamatan Tanah Abang, Kota Jakarta Pusat, Daerah Khusus Ibukota Jakarta 10240",-6.190749,106.8176688,1000
JPM68,Masjid Annur Darussalam,"Jl. Batang Hari No.42, RT.6/RW.3, Cideng, Kecamatan Gambir, Kota Jakarta Pusat, Daerah Khusus Ibukota Jakarta 10150",-6.175109,106.8085523,1000
JPM69,Masjid Al Ihsan,"Jl. Taman Kb. Sirih III No.8, RT.10/RW.10, Kp. Bali, Kecamatan Tanah Abang, Kota Jakarta Pusat, Daerah Khusus Ibukota Jakarta 10250",-6.1843468,106.8211298,1000
JPM70,Masjid AL MUJAHIDIN,"Jalan Kramat Sentiong,Kemayoran., RT.13/RW.1, Johar Baru, RT.13/RW.1, Johar Baru, Jakarta Pusat, Kota Jakarta Pusat, Daerah Khusus Ibukota Jakarta 10560",-6.1830835,106.851992,1000
JPM71,Masjid Al Arqam,"Jl. Dr. Sutomo No.8, Ps. Baru, Kecamatan Sawah Besar, Kota Jakarta Pusat, Daerah Khusus Ibukota Jakarta 10710",-6.1656277,106.837501,1000
JPM72,Al Amin Mosque,"Jl. Kb. Kacang 1 No.107 12, RT.12/RW.2, Kb. Kacang, Kecamatan Tanah Abang, Kota Jakarta Pusat, Daerah Khusus Ibukota Jakarta 10240",-6.1881347,106.8205793,1000
JPM73,Nurul Ilmi Mosque (National Library),"Gedung Dewan Pers, Jl. Medan Merdeka Sel. No.11 11, RT.11/RW.2, Gambir, Kecamatan Gambir, Kota Jakarta Pusat, Daerah Khusus Ibukota Jakarta 10110",-6.1812598,106.8268508,1000
JPM74,Masjid Alia,"Jl. Prapatan IV No.33 1, RT.1/RW.5, Senen, Kec. Senen, Kota Jakarta Pusat, Daerah Khusus Ibukota Jakarta 10410",-6.1803362,106.8379528,1000
JPM75,Masjid Iqro' BRIN,"Gedung BJ Habibie, Jl. M.H. Thamrin No.8 Lantai 8, RT.2/RW.10, Kp. Bali, Kec. Menteng, Kota Jakarta Pusat, Daerah Khusus Ibukota Jakarta 10340",-6.1847145,106.8226412,1000
JPM76,Masjid Al Karomah,"Jl. Hayam Wuruk VI No.6, RT.6/RW.4, Kb. Klp., Kecamatan Gambir, Kota Jakarta Pusat, Daerah Khusus Ibukota Jakarta 10120",-6.165615,106.829153,1000
JPM77,Al-Hidaayah Jami' Mosque Rusun Tanah Tinggi,"Rusun Tanah Tinggi, 10540, RT.1/RW.014, Tanah Tinggi, Kec. Johar Baru, Kota Jakarta Pusat, Daerah Khusus Ibukota Jakarta 10540",-6.1767837,106.8495013,1000
JPM78,Nurul Hikmah Mosque,"Jl.kali Baru III No.70, RT.6/RW.10, Bungur, Kec. Senen, Kota Jakarta Pusat, Daerah Khusus Ibukota Jakarta 10460",-6.172071,106.8501979,1000
JPM79,Masjid Al Badr,"Jl. Abdul Muis No.66 4, RT.4/RW.3, Petojo Sel., Kecamatan Gambir, Kota Jakarta Pusat, Daerah Khusus Ibukota Jakarta 10160",-6.1780615,106.8186593,1000
JPM80,Masjid Nurul Huda,"Jl. Kb. Kacang 48 No.8 3, RT.3/RW.8, Kb. Kacang, Kecamatan Tanah Abang, Kota Jakarta Pusat, Daerah Khusus Ibukota Jakarta 10240",-6.1932819,106.8160947,1000
JPM81,Masjid At Taqwa - Kementrian Pertahanan RI,"Jl. Tanah Abang Timur No.4-5, RT.3/RW.3, Gambir, Kecamatan Gambir, Kota Jakarta Pusat, Daerah Khusus Ibukota Jakarta 10110",-6.177652,106.819782,1000
JPM82,Masjid Jami Al Ikrom,"Jl. Petojo Binatu Raya Gg.V No.5 10, RT.5/RW.8, Petojo Utara, Kecamatan Gambir, Kota Jakarta Pusat, Daerah Khusus Ibukota Jakarta 10130",-6.1674803,106.8171511,1000
JPM83,Jami Al-Mabrur Mosque,"1, Jl. Kramat Pulo Gundul No.7, RT.1/RW.6, Tanah Tinggi, Kec. Johar Baru, Kota Jakarta Pusat, Daerah Khusus Ibukota Jakarta 10540",-6.1814082,106.8481162,1000
JPM84,MASJID Al Firdaus (LDII),"Jl. Kalibaru Timur Dalam Gg. IVA No.205, RT.10/RW.5, Bungur, Kec. Senen, Kota Jakarta Pusat, Daerah Khusus Ibukota Jakarta 10460",-6.1731687,106.8470034,1000
JPM85,Masjid Al Muta'arof (Lt. 21) - Menara Multimedia,"Menara Multimedia, Jl. Kebon Sirih No.12, RT.11/RW.2, Gambir, Kecamatan Gambir, Kota Jakarta Pusat, Daerah Khusus Ibukota Jakarta 10110",-6.1824115,106.8302229,1000
JPM86,Jami' Asy-Syaakiriin Mosque,"Jl. Kebon Melati 1 No.5, Kb. Melati, Kecamatan Tanah Abang, Kota Jakarta Pusat, Daerah Khusus Ibukota Jakarta 10230",-6.1943908,106.8154922,1000
JPM87,Masjid KOSTRAD,"Jl. Medan Merdeka Tim. No.3, Gambir, Kecamatan Gambir, Kota Jakarta Pusat, Daerah Khusus Ibukota Jakarta 10110",-6.173882,106.8322959,1000
JPM88,Masjid Ghoiru Jami,"Jl. Kebon Sirih Barat I No.47, RT.13/RW.2, Kb. Sirih, Kec. Menteng, Kota Jakarta Pusat, Daerah Khusus Ibukota Jakarta 10340",-6.1852585,106.8291356,1000
JPM89,Bimantara Mosque,"Jl. Kebon Sirih Timur No.29 15, RT.15/RW.7, Kb. Sirih, Kec. Menteng, Kota Jakarta Pusat, Daerah Khusus Ibukota Jakarta 10340",-6.1843289,106.8307195,1000
JPM90,Masjid Al Fawaz,"Jl. Bungur Besar Raya No.3, RT.4/RW.1, Gn. Sahari Sel., Kec. Kemayoran, Kota Jakarta Pusat, Daerah Khusus Ibukota Jakarta 10610",-6.1623266,106.8400783,1000
JPM91,Masjid An Nur,"Jl. Medan Merdeka Sel. No.18, RT.5/RW.2, Gambir, Kecamatan Gambir, Kota Jakarta Pusat, Daerah Khusus Ibukota Jakarta 10110",-6.1799381,106.8245088,1000
JPM92,Masjid Baiturrahman Kramat Lontar,"Jl. Kramat Lontar Gg. 9 No.80 2, RT.2/RW.1, Paseban, Kec. Senen, Kota Jakarta Pusat, Daerah Khusus Ibukota Jakarta 10440",-6.1895948,106.8487628,1000
JPM93,Masjid Al Abror Gedung Pos Ibukota,"RRJM+WHW, Pasar Baru, Sawah Besar, Central Jakarta City, Jakarta 10710",-6.1676373,106.8339409,1000
JPM94,"Masjid Jami Nurul Islam, Karang Anyar, Jakarta Pusat","Jl. B III No.Dalam, RT.2/RW.5, Karang Anyar, Kecamatan Sawah Besar, Kota Jakarta Pusat, Daerah Khusus Ibukota Jakarta 10745",-6.1557544,106.8283274,1000
JPM95,Masjid Jami Alkhosyi'ien,"Jl 23, RT.6/RW.3, Kebon Kacang, Tanah Abang, Central Jakarta City, Jakarta 10240",-6.189961,106.820434,1000
JPM96,An Nur Mosque,"JL. Kelinci II, No. 3 RT. 012/04, Sawah Besar, RT.13/RW.4, Ps. Baru, Kecamatan Sawah Besar, Kota Jakarta Pusat, Daerah Khusus Ibukota Jakarta 10710",-6.1640169,106.8357918,1000
JPM97,Masjid Baiturrahman,"Jl. Petojo Enclek XIII No.37 10, RT.9/RW.7, Petojo Sel., Kecamatan Gambir, Kota Jakarta Pusat, Daerah Khusus Ibukota Jakarta 10160",-6.1713653,106.817939,1000
JPM98,Masjid Al-Hidayah,"Jl. Kramat Kwitang No.12, RT.5/RW.7, Kwitang, Kec. Senen, Kota Jakarta Pusat, Daerah Khusus Ibukota Jakarta 10420",-6.1812648,106.8419741,1000
JPM99,Masjid Al Mubarok,"Jl. Abdul Muis No.24, RT.11/RW.8, Petojo Sel., Kecamatan Gambir, Kota Jakarta Pusat, Daerah Khusus Ibukota Jakarta 10160",-6.1713014,106.8205824,1000
JPM100,MASJID Nurussalam (LDII),"Jl. Pembangunan II Dalam No.41 7, RT.5/RW.2, Petojo Utara, Kecamatan Gambir, Kota Jakarta Pusat, Daerah Khusus Ibukota Jakarta 10130",-6.1634978,106.8160383,1000
JPM101,Masjid Al Ihsan - Menara Bank BTN,"Menara Bank BTN, JL. Gajah Mada, Petojo Utara, 10130 Jakarta Pusat, Indonesia, RT.2/RW.8, North Petojo, Gambir, Central Jakarta City, Jakarta 10130",-6.1672023,106.8191681,1000
JPM102,Masjid Rihlatul Jannah,"RRCC+5V4, RT.2/RW.3, Gambir, Central Jakarta City, Jakarta 10110",-6.1796154,106.8221929,1000
JPM103,Masjid Al-Muawanah,"Jl. Kebon Dalam No.45, RT.6/RW.6, Kp. Bali, Kecamatan Tanah Abang, Kota Jakarta Pusat, Daerah Khusus Ibukota Jakarta 10250",-6.1851848,106.8134225,1000
JPM104,Masjid Jami Tarihunniyah,"Jl. Kebon Sirih Barat I Gg. 10 No.33-35 8, RT.8/RW.4, Kb. Sirih, Kec. Menteng, Kota Jakarta Pusat, Daerah Khusus Ibukota Jakarta 10340",-6.1859684,106.8280751,1000
JPM105,Masjid An Nur,"JL. Tanah Tinggi, 1 RT 03 RW 02, RT.7/RW.1, Tanah Tinggi, Kec. Johar Baru, Kota Jakarta Pusat, Daerah Khusus Ibukota Jakarta 10540",-6.1776592,106.8463101,1000
JPM106,Masjid Al-Fauziah,"Jakarta Pusat 4, RT.3/RW.3, Petojo Sel., Kecamatan Gambir, Kota Jakarta Pusat, Daerah Khusus Ibukota Jakarta 10160",-6.1787562,106.817037,1000
JPM107,Masjid Al Ihsan BSM,"2.83, Jl. Kebon Sirih No.Raya, RT.2/RW.1, Kb. Sirih, Kota Jakarta Pusat, Daerah Khusus Ibukota Jakarta 10340",-6.1836842,106.8237413,1000
JPM108,Masjid At-Taqwa Thamres,"Thamrin Residences, Lt.P3, RT.3, RT.3/RW.8, Kb. Melati, Kecamatan Tanah Abang, Kota Jakarta Pusat, Daerah Khusus Ibukota Jakarta 10230",-6.1967674,106.8166378,1000
JPM109,Masjid Suluh Islam,"Jl. Petojo Enclek X No.4, RT.14/RW.7, Petojo Sel., Kecamatan Gambir, Kota Jakarta Pusat, Daerah Khusus Ibukota Jakarta 10160",-6.1729436,106.8176225,1000
JPM110,Masjid Al-Mahkamah,"Jl. Veteran III No.9-10, RT.2/RW.3, Gambir, Kecamatan Gambir, Kota Jakarta Pusat, Daerah Khusus Ibukota Jakarta 10110",-6.1698,106.8258115,1000
JPM111,Masjid Jamian-Nimah,"Jl. Kebon Kacang III No. 49 RT 008 RW 05 Kebon Kacang Tanah Abang Jakarta Pusat DKI Jakarta, RT.3/RW.4, Kb. Kacang, Kecamatan Tanah Abang, Kota Jakarta Pusat, Daerah Khusus Ibukota Jakarta 10240",-6.1890827,106.8177151,1000
JPM112,Masjid Senatama,"Jl. Kramat Kwitang No.8 1, RT.1/RW.7, Kwitang, Kec. Senen, Kota Jakarta Pusat, Daerah Khusus Ibukota Jakarta 10420",-6.179857,106.8410779,1000
JPM113,Al Makmur Mosque,"Jl. Kebon Sirih No.98, RT.11/RW.2, Gambir, Kecamatan Gambir, Kota Jakarta Pusat, Daerah Khusus Ibukota Jakarta 10640",-6.1828599,106.825672,1000
JPM114,Masjid Jami' Al-Wustho,"JL. Pintu Air 5, Rt. 03 Rw. 02, Sawah Besar, RT.2/RW.8, Ps. Baru, Kecamatan Sawah Besar, Kota Jakarta Pusat, Daerah Khusus Ibukota Jakarta 10120",-6.1633539,106.8295231,1000
JPM115,Masjid Daarussalaam,"RRCC+MM6, RT.2/RW.3, Gambir, Central Jakarta City, Jakarta 10110",-6.178339,106.8216266,1000
JPM116,Mosque Al Barokah Kemayoran,"Jl. Kepu Dalam IV No.181, RT.14/RW.3, Kemayoran, Kec. Kemayoran, Kota Jakarta Pusat, Daerah Khusus Ibukota Jakarta 10620",-6.1659821,106.8444958,1000
JPM117,Masjid Jami Al Furqon,"Jl. Kb. Kacang XI No.1, RT.15/RW.1, Dukuh Atas, Kb. Kacang, Kecamatan Tanah Abang, Kota Jakarta Pusat, Daerah Khusus Ibukota Jakarta 10240",-6.1879249,106.8221355,1000
JPM118,Masjid Baitul Karim,"Jl. Kebun Kacang 14 No.14-16, RT.3/RW.4, Kb. Kacang, Kecamatan Tanah Abang, Kota Jakarta Pusat, Daerah Khusus Ibukota Jakarta 10240",-6.1914004,106.8193913,1000
JPM119,Mosque Nurul Hikmah,"Jl. Kebon Kacang 41 No.14 15, RT.15/RW.8, Kb. Kacang, Kecamatan Tanah Abang, Kota Jakarta Pusat, Daerah Khusus Ibukota Jakarta 10240",-6.1925029,106.8184899,1000
JPM120,Al-Anwar Mosque,"Jl. Kb. Kacang 1 No.85 05, RT.1/RW.5, Kb. Kacang, Kecamatan Tanah Abang, Kota Jakarta Pusat, Daerah Khusus Ibukota Jakarta 10240",-6.1880507,106.8194189,1000
JPM121,Masjid Babussalam,"Jl. Lematang No.33, RT.4/RW.2, Cideng, Kecamatan Gambir, Kota Jakarta Pusat, Daerah Khusus Ibukota Jakarta 10150",-6.1722612,106.8099509,1000
JPM122,Level 8 Thamrin city mall,"thamrin city mall, Jl. Kebon Kacang Raya No.RT.7, Kb. Kacang, Kecamatan Tanah Abang, Kota Jakarta Pusat, Daerah Khusus Ibukota Jakarta 10240",-6.1949278,106.8168859,1000
JPM123,Masjid At-Taqwa Metro Atom,"Jl. Ps. Baru No.89-129 1, RT.1/RW.3, Ps. Baru, Kecamatan Sawah Besar, Kota Jakarta Pusat, Daerah Khusus Ibukota Jakarta 10710",-6.1619198,106.8328919,1000
JPM124,Parkir istiqlal,"RRHJ+FXG, Pasar Baru, Sawah Besar, Central Jakarta City, Jakarta 10710",-6.1712976,106.8324544,1000
JPM125,Masjid Al Makmur,"Jl. Jati Baru Raya No.5, RT.7/RW.3, Kp. Bali, Kecamatan Tanah Abang, Kota Jakarta Pusat, Daerah Khusus Ibukota Jakarta 10250",-6.1838552,106.8131935,1000
JPM126,Masjid Quba (NU),"Jl. Kali Pasir Guru Demar No.7 15, RT.15/RW.1, Cikini, Kec. Menteng, Kota Jakarta Pusat, Daerah Khusus Ibukota Jakarta 10330",-6.1879754,106.8378359,1000
JPM127,Masjid Al Barkah,"Jl. Lontar Atas No.121, RT.2/RW.12, Kb. Melati, Kecamatan Tanah Abang, Kota Jakarta Pusat, Daerah Khusus Ibukota Jakarta 10230",-6.1926406,106.8130936,1000
JPM128,Masjid Nurun Ala Nurin,"Jl. Petojo Selatan I No.20 12 5 12, RT.12/RW.5, Petojo Utara, Kecamatan Gambir, Kota Jakarta Pusat, Daerah Khusus Ibukota Jakarta 10130",-6.1681472,106.8115535,1000
JPM129,Masjid Al Husna,"Jl. Al Habsyi No.10 4, RT.6/RW.7, Kb. Kacang, Kecamatan Tanah Abang, Kota Jakarta Pusat, Daerah Khusus Ibukota Jakarta 10240",-6.1902531,106.8145739,1000
JPM130,Masjid An Nur Sawah Besar,"Jl. Pasar Baru Selatan No.11, RT.2/RW.1, Ps. Baru, Kecamatan Sawah Besar, Kota Jakarta Pusat, Daerah Khusus Ibukota Jakarta 10710",-6.1646161,106.8360814,1000
JPM131,Masjid BSI Wisma Mandiri,"Jl. M.H. Thamrin No.5, RT.2/RW.1, Kb. Sirih, Kec. Menteng, Kota Jakarta Pusat, Daerah Khusus Ibukota Jakarta 10340",-6.1835952,106.8237299,1000
JPM132,Masjid Gedung Juang 45,"RR7P+GHP, Jl. Menteng Raya, RT.1/RW.10, Kb. Sirih, Kec. Menteng, Kota Jakarta Pusat, Daerah Khusus Ibukota Jakarta 10340",-6.186162,106.8364466,1000
JPM133,Raudhah Mosque,"Jl. Batu Tulis VII No.11 10, RT.10/RW.3, Kb. Klp., Kecamatan Gambir, Kota Jakarta Pusat, Daerah Khusus Ibukota Jakarta 10120",-6.1642999,106.8250048,1000
JPM134,Masjid Taman Firdaus,"Jl. Batu Tulis Raya No.1 1, RT.1/RW.2, Kb. Klp., Kecamatan Gambir, Kota Jakarta Pusat, Daerah Khusus Ibukota Jakarta 10120",-6.1629593,106.8213927,1000
JPM135,Masjid Al-Huda,"Jl. Kp. Bali XXXIII No.3, RT.2/RW.10, Kp. Bali, Kecamatan Tanah Abang, Kota Jakarta Pusat, Daerah Khusus Ibukota Jakarta 10250",-6.1864188,106.8215982,1000
JPM136,Musala Dalam Stasiun Gambir Lt.2,"Gambir Station 2nd Floor 5 2, RT.5/RW.2, Gambir, Kecamatan Gambir, Kota Jakarta Pusat, Daerah Khusus Ibukota Jakarta 10110",-6.1768333,106.8305933,1000
JPM137,Masjid Ar Rahman,"JL Petamburan, I/25 RT 10 RW 03, Tanah Abang, RT.11/RW.1, Petamburan, Kecamatan Tanah Abang, Kota Jakarta Pusat, Daerah Khusus Ibukota Jakarta 10260",-6.192366,106.8083777,1000
JPM138,Al-Musyaffa Mosque,"Jl. Kb. Melati 4 No.6 6, RT.6/RW.9, Kb. Melati, Kecamatan Tanah Abang, Kota Jakarta Pusat, Daerah Khusus Ibukota Jakarta 10230",-6.1955651,106.8155914,1000
JPM139,Bungur Mosque,"Jl. Kali Baru Timur III No.21, RT.1/RW.7, Bungur, Kec. Senen, Kota Jakarta Pusat, Daerah Khusus Ibukota Jakarta 10460",-6.1715201,106.8471875,1000
JPM140,Masjid atap tanah abang,"Ps. Tanah Abang, Kb. Kacang, Kecamatan Tanah Abang, Kota Jakarta Pusat, Daerah Khusus Ibukota Jakarta 10240",-6.1890096,106.8119312,1000
JPM141,Masjid Baitul Makmur,"Jl. Kalibaru Tim. Gg. No.2, RT.6/RW.6, Bungur, Kec. Senen, Kota Jakarta Pusat, Daerah Khusus Ibukota Jakarta 10460",-6.173738,106.8466762,1000
JPM142,Masjid Al Hurriyah,"Jl. Kebon Sirih Timur No.Dalam, RT.15/RW.7, Kb. Sirih, Kec. Menteng, Kota Jakarta Pusat, Daerah Khusus Ibukota Jakarta 10340",-6.1853488,106.8313517,1000
JPM143,Masjid Al Muhajirin,"Jl. K.H. Mas Mansyur No.1D 15, RT.15/RW.6, Kb. Kacang, Kecamatan Tanah Abang, Kota Jakarta Pusat, Daerah Khusus Ibukota Jakarta 10240",-6.1888683,106.8155986,1000
JPM144,Masjid Jami Soeltan Soenaro - Tanah Abang,"Jl. Jemb. Tinggi No.2, RT.16/RW.9, Kb. Kacang, Kecamatan Tanah Abang, Kota Jakarta Pusat, Daerah Khusus Ibukota Jakarta 10240",-6.189957,106.8118228,1000
JPM145,Masjid Al-Muttahidah,"Jalan Kramat Pulo Gundul, RT 04 rw 10 no k134, Tanah Tinggi, Kec. Johar Baru",-6.1817087,106.8476854,1000
JPM146,Masjid Sarinah Lantai 13,"South Jl. M.H. Thamrin No.11, RW.4, Gondangdia, Menteng, Central Jakarta City, Jakarta 10350",-6.1878987,106.8240592,1000
JPM147,"Masjid LDII ""Baitul Manshurin""","Jl. Cideng Bar. Dalam No.3, RT.14/RW.1, Cideng, Kecamatan Gambir, Kota Jakarta Pusat, Daerah Khusus Ibukota Jakarta 10150",-6.1814836,106.8128888,1000
JPM148,Masjid Az Zabidah,"Jl. Sangihe Dalam No.93 7, RT.8/RW.4, Cideng, Kecamatan Gambir, Kota Jakarta Pusat, Daerah Khusus Ibukota Jakarta 10150",-6.1697359,106.809467,1000
JPM149,Masjid Safiun,"Wisma Haka No.5, Jalan K.H. Wahid Hasyim No.71, Tanah Abang, RT.1/RW.4, Gondangdia, Kec. Menteng, Kota Jakarta Pusat, Daerah Khusus Ibukota Jakarta 10350",-6.1875153,106.8273013,1000
JPM150,Ramlie Musofa Mosque,"Blok I / 10, Jl. Danau Sunter Utara Raya Selatan No.12C - 14A, RT.13/RW.16, Sunter Agung, Kec. Tj. Priok, Jkt Utara, Daerah Khusus Ibukota Jakarta 14350",-6.1461504,106.8712171,1000
JPM151,Masjid Al-Makmur,"Jl. Balikpapan 4, No. 3, RT.7/RW.6, Petojo Utara, Jakarta Pusat, Kota Jakarta Pusat, Daerah Khusus Ibukota Jakarta 10130",-6.1699906,106.8135305,1000
JPM152,Masjid Ar Rahman,"Jl. Batu III No.3/27 7, RT.7/RW.1, Gambir, Kecamatan Gambir, Kota Jakarta Pusat, Daerah Khusus Ibukota Jakarta 10110",-6.1790752,106.8358789,1000
JPM153,Masjid At-Taqwa (& Gedung Dakwah) Muhammadiyah,"Jl. Kramat Raya No.49 8, RT.3/RW.8, Kramat, Kec. Senen, Kota Jakarta Pusat, Daerah Khusus Ibukota Jakarta 10450",-6.1851231,106.8450773,1000
JPM154,An Nur Mosque,"Jl. Kalipasir No.14, RT.14/RW.10, Kb. Sirih, Kec. Menteng, Kota Jakarta Pusat, Daerah Khusus Ibukota Jakarta 10330",-6.1870436,106.8389989,1000
JPM155,masjid al dakwah,"Jl. Tanah Tinggi Gg. I No.8, RT.9/RW.1, Tanah Tinggi, Kec. Johar Baru, Kota Jakarta Pusat, Daerah Khusus Ibukota Jakarta 10540",-6.1759299,106.8460613,1000
JPM156,Masjid Al SA Adek Obirin,"Jl. Medan Merdeka Tim. No.7 2, RT.2/RW.1, Gambir, Kecamatan Gambir, Kota Jakarta Pusat, Daerah Khusus Ibukota Jakarta 10110",-6.1757797,106.831552,1000
JPM157,Masjid Al Ikhlas Walmagfiroh,"Jl. Lontar Bawah No.7 2, RT.01/RW.01, Kb. Kacang, Kecamatan Tanah Abang, Kota Jakarta Pusat, Daerah Khusus Ibukota Jakarta 10240",-6.1917136,106.8131633,1000
JPM158,Masjid An Nur,"Jl. Kepu Dalam VII No.101 4, RT.5/RW.3, Kemayoran, Kec. Kemayoran, Kota Jakarta Pusat, Daerah Khusus Ibukota Jakarta 10620",-6.167584,106.8453887,1000
JPM159,Masjid Agung Al-Munada Darussalam Baiturrahman (Masjid Perahu),"QRGW+R7J, Jl. Raya Casablanca, RT.3/RW.5, Menteng Dalam, Kec. Tebet, Kota Jakarta Selatan, Daerah Khusus Ibukota Jakarta 12870",-6.2229212,106.8456399,1000
JPM160,Masjid Al Arqom,"Ps. Regional Tanah Abang, Jl. Kb. Jati No.7 1, RT.1/RW.9, Kp. Bali, Kecamatan Tanah Abang, Kota Jakarta Pusat, Daerah Khusus Ibukota Jakarta 10240",-6.188858,106.812688,1000
JPM161,Majelis Kwitang,"Jl. Kembang Raya No.58 3, RT.3/RW.1, Kwitang, Kec. Senen, Kota Jakarta Pusat, Daerah Khusus Ibukota Jakarta 10420",-6.1835705,106.8381726,1000
JPM162,Masjid At Tanwir PP Muhammadiyah,"Jl. Menteng Raya No.62 1, RT.3/RW.10, Kb. Sirih, Kec. Menteng, Kota Jakarta Pusat, Daerah Khusus Ibukota Jakarta 10340",-6.185098,106.8344208,1000
JPM163,Masjid Masagung,"Jl. Kramat Kwitang No.8 1 7, RT.1/RW.7, Kwitang, Kec. Senen, Kota Jakarta Pusat, Daerah Khusus Ibukota Jakarta 10420",-6.1798218,106.8410767,1000
JPM164,MasjidAl-Fauz,"RR9H+Q9R, Gambir, Central Jakarta City, Jakarta",-6.1805113,106.8283831,1000
JPM165,Jakarta Islamic Centre,"Jl. Kramat Jaya Raya No.1, RT.6/RW.1, Tugu Utara, Kec. Koja, Jkt Utara, Daerah Khusus Ibukota Jakarta 14260",-6.1220127,106.9175022,1000
JPM166,Masjid Al Ikhwan Gg Mess,"Jalan Gg. Mess Dalam No.26, RT.16/RW.17, Kb. Melati, Kecamatan Tanah Abang, Kota Jakarta Pusat, Daerah Khusus Ibukota Jakarta 10230",-6.1969867,106.8133903,1000